company,job,job_type,publication_date,city,country
Siemens,Team Lead Cloud Success Architecture,external,2023-05-31,Środa Wielkopolska, Poland
Bank of America,Market Client Relationship Manager - Greater Dallas,external,2023-11-23,Frisco, TX
Philips,Head (Director) Regulatory Affairs-Clinical Applications & Devices,external,2024-01-14,Cambridge, MA
Bank of America,Financial Center Manager - Wayne Financial Center,external,2023-10-25,Wayne, PA
Siemens,evosoft - Senior C# developer,external,2023-04-21,Szeged, Hungary
Siemens,召募令！西门子神秘岛探索之旅- 8月夏季峰会 (北京总部) ,external,2023-03-30,Beijing, China
Circle,"Senior Director, Business Development, Americas",external,2023-12-29,Flexible / Remote,
Philips,Senior DevOps Engineer,external,2024-01-04,Bothell, WA
Uber,Korean Content Specialist III,external,2023-11-29,Bonifacio Global City, Philippines
Siemens,"DOD SkillBridge Internship - Technical Sales - Seattle, WA",external,2023-04-29,Bellevue, WA
Siemens,Energy / Performance Engineer 60-100%,external,2023-03-23,Luzern, Switzerland
Cisco Meraki,Sales Specialist Collaboration - Greece,external,2023-06-27,Athens, Greece
Bank of America,Private Wealth Client Associate,external,2023-09-22,Rochester, MA
Cisco Meraki,Backend/ Physical Design Engineer,external,2023-06-09,Netanya, Israel
Siemens,Cyber Security Expert (w/m/d),external,2023-04-17,Erlangen, Germany
Siemens,Junior Firmware Developer,external,2023-01-04,Braşov, Romania
Siemens,Regional Sales Professional - EMS ADMS DERMS (remote West Coast),external,2023-03-09,Bend, OR
Siemens,Senior Developer (f/m/diverse) Digital Solutions bei der evosoft GmbH,external,2023-05-11,Ingolstadt, Germany
Celonis,Senior ERP Engineer (Zuora),external,2023-11-15,Madrid, Spain
Cisco Meraki,Pricing & Modeling Manger -BE Finance,external,2023-06-24,Philadelphia, PA
